name,price,url
°»° »°° ¤»µ Black,3290,https://www.divan.ru/product/nastolnaya-lampa-flimmer-black
°»° »°° ° White,2290,https://www.divan.ru/product/nastolnaya-lampa-istad-white
°»° »°° ±µ Black,2690,https://www.divan.ru/product/nastolnaya-lampa-arbet-black
°»° »°°  Black,990,https://www.divan.ru/product/nastolnaya-lampa-astri-black
°»° »°°  White,4490,https://www.divan.ru/product/nastolnaya-lampa-dendi-white
µ °±»-1,8690,https://www.divan.ru/product/torsher-babl-1
°»° »°° »µ Green,4990,https://www.divan.ru/product/nastolnaya-lampa-alnej-green
µ µ» °±»-3,5990,https://www.divan.ru/product/podvesnoj-svetilnik-babl-3
µ ° White,7990,https://www.divan.ru/product/torsher-vario-white
° ° Black,1190,https://www.divan.ru/product/bra-vario-black
µ µ» µ» White,3990,https://www.divan.ru/product/podvesnoj-svetilnik-kendel-white
µ µ» ° Green,7590,https://www.divan.ru/product/podvesnoj-svetilnik-maro-green
° Galdakao-1,6590,https://www.divan.ru/product/bra-galdakao
°»° »°°   Black,3990,https://www.divan.ru/product/nastolnaya-lampa-rej-black
µ »» White,19990,https://www.divan.ru/product/torsher-billi-white
° Bolla-Unica,5290,https://www.divan.ru/product/bra-bolla-unica
µ µ» Narices-1,30290,https://www.divan.ru/product/podvesnoj-svetilnik-narices-1
µ µ» ° Black,2990,https://www.divan.ru/product/podvesnoj-svetilnik-kaya-black
µ µ» °»» Black,7490,https://www.divan.ru/product/podvesnoj-svetilnik-talli-black
 °-1 White,2890,https://www.divan.ru/product/spot-lajt-1-white
µ µ»  ¶ White,3290,https://www.divan.ru/product/podvesnoj-svetilnik-ridj-white
°  Black,4190,https://www.divan.ru/product/bra-brik-black
µ Moderli Floor White,6990,https://www.divan.ru/product/torsher-moderli-floor-white
µ ° Silver,19990,https://www.divan.ru/product/torsher-logmar-silver
°»° »°°  Black,6990,https://www.divan.ru/product/nastolnaya-lampa-shou-black
µ  Black,7990,https://www.divan.ru/product/torsher-otto-black
°»° »°° ¤»µ White,7990,https://www.divan.ru/product/nastolnaya-lampa-flejk-white
µ  Black,11990,https://www.divan.ru/product/torsher-shou-black
°»° »°°  White,9190,https://www.divan.ru/product/nastolnaya-lampa-devi-white
µ µ» µ White,6190,https://www.divan.ru/product/podvesnoj-svetilnik-nesti-white
°»° »°° ¤» Black,3990,https://www.divan.ru/product/nastolnaya-lampa-filiks-black
µ µ» °» Olive,6690,https://www.divan.ru/product/podvesnoj-svetilnik-maling-olive
° ° White,1990,https://www.divan.ru/product/bra-vario-white
µ µ» Moderli Host-1,3990,https://www.divan.ru/product/podvesnoj-svetilnik-moderli-host-1
µ »µ-2 White,6990,https://www.divan.ru/product/torsher-alnej-2-white
µ »µ-2 Black,6990,https://www.divan.ru/product/torsher-alnej-2-black
µ »µ-2 Green,6990,https://www.divan.ru/product/torsher-alnej-2-green
µ »µ-2 Orange,7290,https://www.divan.ru/product/torsher-alnej-2-orange
µ »° Black,7990,https://www.divan.ru/product/torsher-portland-black
µ °° White,9590,https://www.divan.ru/product/torsher-omaha-white
µ ¤»-1 White,7790,https://www.divan.ru/product/torsher-flint-1-white
°»° »°°  Black,4790,https://www.divan.ru/product/nastolnaya-lampa-otto-black
µ µ» °±» Quartz,11490,https://www.divan.ru/product/podvesnoj-svetilnik-babl-quartz
µ »µ Beige,8990,https://www.divan.ru/product/torsher-alnej-beige
°»° »°°  Beige,1290,https://www.divan.ru/product/nastolnaya-lampa-astri-beige
µ  °» Beige,13990,https://www.divan.ru/product/torsher-ralf-beige
µ ¤»µ White,13190,https://www.divan.ru/product/torsher-flejk-white
µ µ»  µ° Green,3490,https://www.divan.ru/product/podvesnoj-svetilnik-rena-green
µ» »  ° White,2690,https://www.divan.ru/product/svetilnik-potolochnyj-ringa-white
°»° »°° ° Black,6990,https://www.divan.ru/product/nastolnaya-lampa-logmar-black
° µ Black,5990,https://www.divan.ru/product/bra-berit-black
µ µ»  Black,7490,https://www.divan.ru/product/podvesnoj-svetilnik-kronor-black
°»° »°°  White,3990,https://www.divan.ru/product/nastolnaya-lampa-bjork-white
µ µ» µ»°-2 Glass,3490,https://www.divan.ru/product/podvesnoj-svetilnik-selau-2-glass
µ µ»  White,5490,https://www.divan.ru/product/podvesnoj-svetilnik-bjork-white
µ » Blue,17990,https://www.divan.ru/product/torsher-oslo-blue
µ ° Black,21990,https://www.divan.ru/product/torsher-logmar-black
°»° »°° § Black,3990,https://www.divan.ru/product/nastolnaya-lampa-ched-black
° °µ Black,4990,https://www.divan.ru/product/bra-brakett-black
µ µ» °» Black,5990,https://www.divan.ru/product/podvesnoj-svetilnik-maling-black
µ µ» »° White,10990,https://www.divan.ru/product/podvesnoj-svetilnik-klaud-white
°»° »°° ° Pink,1390,https://www.divan.ru/product/nastolnaya-lampa-spajk-pink
µ µ° Beige,11990,https://www.divan.ru/product/torsher-vena-beige
°»° »°° »° White,15990,https://www.divan.ru/product/nastolnaya-lampa-klaud-white
°»° »°°  ±µ Orange,2990,https://www.divan.ru/product/nastolnaya-lampa-ribe-orange
°»° »°° µµ Beige,4990,https://www.divan.ru/product/nastolnaya-lampa-lerret-beige
°»° »°°  Grey,4490,https://www.divan.ru/product/nastolnaya-lampa-sindri-grey
°»° »°° ° White,2990,https://www.divan.ru/product/nastolnaya-lampa-manet-white
µ µ» »° Black,3990,https://www.divan.ru/product/podvesnoj-svetilnik-portland-black
µ  White,7990,https://www.divan.ru/product/torsher-gross-white
µ µ» ¤µ Orange,4990,https://www.divan.ru/product/podvesnoj-svetilnik-ferum-orange
°»° »°° » Raffia Beige,5990,https://www.divan.ru/product/nastolnaya-lampa-nidls-raffia-beige
µ» »  ° Black,2490,https://www.divan.ru/product/svetilnik-potolochnyj-ringa-black
µ µ-2 Beige,13990,https://www.divan.ru/product/torsher-greno-2-beige
µ  White,11990,https://www.divan.ru/product/torsher-bjork-white
µ µ» » Beige,5990,https://www.divan.ru/product/podvesnoj-svetilnik-nidls-beige
°»° »°° °-2 Black,4990,https://www.divan.ru/product/nastolnaya-lampa-mashrum-2-black
µ µ° Black,11990,https://www.divan.ru/product/torsher-vena-black
µ  Beige,15990,https://www.divan.ru/product/torsher-bindu-beige
µ ° Black,12990,https://www.divan.ru/product/torsher-larri-black
µ µ» ±»-5 Wood,8990,https://www.divan.ru/product/podvesnoj-svetilnik-tubuli-5-wood
°  White,2990,https://www.divan.ru/product/bra-bjork-white
µ µ» ° Wood,5490,https://www.divan.ru/product/podvesnoj-svetilnik-arvika-wood
µ µ» µ» Black,6490,https://www.divan.ru/product/podvesnoj-svetilnik-benflit-black
µ» »  Black,10990,https://www.divan.ru/product/svetilnik-potolochnyj-orhus-black
µ µ» µ Brown,4990,https://www.divan.ru/product/podvesnoj-svetilnik-livsden-brown
µ µ» µ»° Black,4290,https://www.divan.ru/product/podvesnoj-svetilnik-bejla-black
µ» » ° White,7990,https://www.divan.ru/product/svetilnik-potolochnyj-lago-white
µ »° White,18990,https://www.divan.ru/product/torsher-klaud-white
°»° »°° µµ White,2990,https://www.divan.ru/product/nastolnaya-lampa-lerret-white
°  Black,9990,https://www.divan.ru/product/lyustra-sindri-black
µ µ» µµ Black,3290,https://www.divan.ru/product/podvesnoj-svetilnik-lechche-black
°»° »°° ±µ Silver,2290,https://www.divan.ru/product/nastolnaya-lampa-arbet-silver
°»° »°° µ·° Blue,2490,https://www.divan.ru/product/nastolnaya-lampa-gejza-blue
° µ·° Black,10990,https://www.divan.ru/product/lyustra-gejza-black
°»° »°° µ Brown,8990,https://www.divan.ru/product/nastolnaya-lampa-livsden-brown
°»° »°° ° White,990,https://www.divan.ru/product/nastolnaya-lampa-spajk-white
°»° »°° µ° Orange,5990,https://www.divan.ru/product/nastolnaya-lampa-sfera-orange
° °µ White,4990,https://www.divan.ru/product/bra-smasten-white
µ »µ-1 Black,7990,https://www.divan.ru/product/torsher-alnej-1-black
°»° »°° ° Wood,5990,https://www.divan.ru/product/nastolnaya-lampa-arvika-wood
°»° »°° ° Orange,1390,https://www.divan.ru/product/nastolnaya-lampa-spajk-orange
µ µ» »°° Wood,6490,https://www.divan.ru/product/podvesnoj-svetilnik-inlada-wood
µ »-2 Black,14990,https://www.divan.ru/product/torsher-nidls-2-black
°»° »°° »µ Beige,4990,https://www.divan.ru/product/nastolnaya-lampa-alnej-beige
µ µ» §µ Silver,3990,https://www.divan.ru/product/podvesnoj-svetilnik-chinkve-silver
µ ­µ» Black,5990,https://www.divan.ru/product/torsher-enkel-black
° °» Multi,17990,https://www.divan.ru/product/lyustra-maling-multi
µ µ» ¶°±-1 Rattan,5990,https://www.divan.ru/product/podvesnoj-svetilnik-djambi-1-rattan
µ µ» µ»°-1 Glass,2990,https://www.divan.ru/product/podvesnoj-svetilnik-selau-1-glass
µ µ»  White,4990,https://www.divan.ru/product/podvesnoj-svetilnik-kronor-white
µ µ» ±» Wood,1990,https://www.divan.ru/product/podvesnoj-svetilnik-tubuli-wood
µ µ» °» Beige,6990,https://www.divan.ru/product/podvesnoj-svetilnik-maling-beige
µ µ» µ» Black,2990,https://www.divan.ru/product/podvesnoj-svetilnik-kendel-black
µ µ» °» Orange,6690,https://www.divan.ru/product/podvesnoj-svetilnik-maling-orange
°»° »°°  ±µ Black,1990,https://www.divan.ru/product/nastolnaya-lampa-ribe-black
°»° »°° ±°» White,690,https://www.divan.ru/product/nastolnaya-lampa-snibald-white
µ µ» °µ Black,4990,https://www.divan.ru/product/podvesnoj-svetilnik-sanset-black
°»° »°° ±µ White,1690,https://www.divan.ru/product/nastolnaya-lampa-arbet-white
µ »µ Black,8990,https://www.divan.ru/product/torsher-alnej-black
°»° »°° »-3 Beige,3990,https://www.divan.ru/product/nastolnaya-lampa-nidls-3-beige
µ µ» °µ Black,7490,https://www.divan.ru/product/podvesnoj-svetilnik-namsen-black
µ »µ-1 Orange,7990,https://www.divan.ru/product/torsher-alnej-1-orange
°»° »°° °-2 Pink,4990,https://www.divan.ru/product/nastolnaya-lampa-mashrum-2-pink
µ » Khaki,15990,https://www.divan.ru/product/torsher-nidls-khaki
µ »-2 Beige,14990,https://www.divan.ru/product/torsher-nidls-2-beige
° µ Brown,18990,https://www.divan.ru/product/lyustra-livsden-brown
µ »µ-1 Beige,7990,https://www.divan.ru/product/torsher-alnej-1-beige
°»° »°° µ±µ White,3990,https://www.divan.ru/product/nastolnaya-lampa-treben-white
µ µ» ¤µ Grey,1990,https://www.divan.ru/product/podvesnoj-svetilnik-ferum-grey
µ µ» ° Black,6490,https://www.divan.ru/product/podvesnoj-svetilnik-kvina-black
µ µ» µ»° White,3990,https://www.divan.ru/product/podvesnoj-svetilnik-bejla-white
µ   Black,5290,https://www.divan.ru/product/torsher-rej-black
µ µ»  Wood,7490,https://www.divan.ru/product/podvesnoj-svetilnik-grontri-wood
µ µ» °° Wood,2490,https://www.divan.ru/product/podvesnoj-svetilnik-skara-wood
°»° »°°  White,4990,https://www.divan.ru/product/nastolnaya-lampa-gross-white
µ µ» §µ Gold,3990,https://www.divan.ru/product/podvesnoj-svetilnik-chinkve-gold
µ µ» -2 Wood,13990,https://www.divan.ru/product/podvesnoj-svetilnik-grontri-2-wood
°»° »°° µ·° Orange,3990,https://www.divan.ru/product/nastolnaya-lampa-gejza-orange
µ µ Brown,11990,https://www.divan.ru/product/torsher-livsden-brown
° ¤»µ Black,1990,https://www.divan.ru/product/bra-flimmer-black
°»° »°° µ·° Pink,3990,https://www.divan.ru/product/nastolnaya-lampa-gejza-pink
°»° »°° ±µ Orange,2690,https://www.divan.ru/product/nastolnaya-lampa-arbet-orange
µ µ» °±»-9,19990,https://www.divan.ru/product/podvesnoj-svetilnik-babl-9
° ¤»µ Black,5990,https://www.divan.ru/product/lyustra-flimmer-black
°»° »°° µ·° Black,3990,https://www.divan.ru/product/nastolnaya-lampa-gejza-black
µ »µ Green,8990,https://www.divan.ru/product/torsher-alnej-green
°»° »°° ±µ Beige,2690,https://www.divan.ru/product/nastolnaya-lampa-arbet-beige
µ µ» -1 Wood,9490,https://www.divan.ru/product/podvesnoj-svetilnik-grontri-1-wood
µ µ-2 Black,13990,https://www.divan.ru/product/torsher-greno-2-black
°»° »°° °-2 Gold,5590,https://www.divan.ru/product/nastolnaya-lampa-mashrum-2-gold
°»° »°° »-2 Beige,3990,https://www.divan.ru/product/nastolnaya-lampa-nidls-2-beige
°»° »°° ° Green,1390,https://www.divan.ru/product/nastolnaya-lampa-spajk-green
°»° »°° °-2 Green,4990,https://www.divan.ru/product/nastolnaya-lampa-mashrum-2-green
° °µ White,4490,https://www.divan.ru/product/bra-brakett-white
µ »µ-1 Green,7990,https://www.divan.ru/product/torsher-alnej-1-green
°»° »°° »µ Black,4990,https://www.divan.ru/product/nastolnaya-lampa-alnej-black
µ  °» White,13990,https://www.divan.ru/product/torsher-ralf-white
µ µ» ¤ White,2990,https://www.divan.ru/product/podvesnoj-svetilnik-fyun-white
µ µ»  µ° White,2490,https://www.divan.ru/product/podvesnoj-svetilnik-rena-white
µ µ» §µ Gray,3990,https://www.divan.ru/product/podvesnoj-svetilnik-chinkve-gray
µ µ» µ»° Glass,3990,https://www.divan.ru/product/podvesnoj-svetilnik-selau-glass
µ µ» ± Transparent,4990,https://www.divan.ru/product/podvesnoj-svetilnik-isbit-transparent
µ » Black,16990,https://www.divan.ru/product/torsher-oslo-black
µ µ» ¤»µ Black,1990,https://www.divan.ru/product/podvesnoj-svetilnik-flimmer-black
µ »µ Orange,8990,https://www.divan.ru/product/torsher-alnej-orange
µ µ» ° Wood,12490,https://www.divan.ru/product/podvesnoj-svetilnik-otra-wood
µ ° Green,12990,https://www.divan.ru/product/torsher-larri-green
°»° »°° »µ Orange,4990,https://www.divan.ru/product/nastolnaya-lampa-alnej-orange
°»° »°° °-2 Silver,5590,https://www.divan.ru/product/nastolnaya-lampa-mashrum-2-silver
µ» »  White,16990,https://www.divan.ru/product/svetilnik-potolochnyj-orhus-white
µ ° Beige,12990,https://www.divan.ru/product/torsher-larri-beige
°»° »°°  ° Round,6990,https://www.divan.ru/product/nastolnaya-lampa-raffi-round
µ µ-2 Silver,15990,https://www.divan.ru/product/torsher-greno-2-silver
µ  ° Round,12990,https://www.divan.ru/product/torsher-raffi-round
°»° »°° °-2 Grey,4990,https://www.divan.ru/product/nastolnaya-lampa-mashrum-2-grey
